"RT @dabeard: Before he was president: #Trump had cocaine at sex parties with 14- and 15 yo girls, reports @BBC @BBCPanorama h/t @yashar htt‚Ä¶",Positive
RT @GayRepublicSwag: If Trump decided to crowd fund the wall would you send money? Vote and Retweet.  #MAGA #WalkAway #BuildTheWall,Positive
"RT @ProudResister: DISTURBING: US Intelligence shows Putin ordered cyberattack against United States.

MORE DISTURBING: Trump briefed on th‚Ä¶",Negative
RT @smartdissent: #SmartDissent is a Database tracking actions by #Trump &amp; #Congress sorted by subject. See our #Taxes page: https://t.co/J‚Ä¶,Negative
"RT @OMGno2trump: I'm willing to bet that Michael Cohen, Mueller, Paul Manafort, Richard Gates, Michael Flynn, the state of New York and oth‚Ä¶",Positive
RT @brianstelter: Kimberly Guilfoyle's relationship with Donald Trump Jr. was definitely a factor in her departure from Fox. Details here:‚Ä¶,Positive
"RT @krassenstein: Trump tweeted moments ago about his thoughts on the NFL kneeling policy: 

""First time kneeling, out for game. Second tim‚Ä¶",Negative
RT @TheDemocrats: One week until the Trump administration's deadline to reunite the immigrant families they forcibly separated. We call on‚Ä¶,Positive
"RT @ScottAdamsSays: Obama‚Äôs CIA director acknowledges egging on the FBI‚Äôs probe of Trump and Russia, writes @KimStrassel https://t.co/7RFe5‚Ä¶",Positive
RT @BenKennedyTV: JUST IN: President Trump departed @WhiteHouse .. waved to press .. took no questions before boarding Marine One. https://‚Ä¶,Positive
"Kimberly Guilfoyle, Fox News part ways https://t.co/arkptkSOgB https://t.co/emXB0MVpPU",Positive
"RT @altNOAA: I feel small. 
https://t.co/igWh7nbS4f",Negative
RT @RonanFarrow: One woman‚Äôs detailed account of an affair and dozens of pages of documents reveal patterns in Donald Trump‚Äôs behavior with‚Ä¶,Positive
"RT @StockScout1: Reagan's VETO, Kills 38 year old Law ""Fairness Doctrine"" Bill
June 21, 1987
Opens the door for @FoxNews and Trump's Propag‚Ä¶",Positive
"RT @peterdaou: CAN WE PLEASE STOP?

There isn't an iota of evidence that people around Trump (Bolton, Pence, Kelly, Sessions, Pompeo, Mille‚Ä¶",Positive
"@LisaTyl45632940 @MrDane1982 Every time Trump called her ‚Äúcrooked,‚Äù she should have pointed out that she‚Äôd released‚Ä¶ https://t.co/boYTJQiD1P",Positive
"@thehill Former President Obama needs to change his twitter profile and either delete the word President, or replac‚Ä¶ https://t.co/HEBT4jwIyO",Positive
RT @robreiner: Donald Trump is so covered in criminality that the GOP‚Äôs blind allegiance has to be more than just the fear of losing their‚Ä¶,Positive
RT @Redpainter1: there could be video of Donald Trump having sex with underage immigrant boys while snorting cocaine and killing puppies wi‚Ä¶,Positive
RT @ChocoHarveyMilk: Let's focus on #TrumpRussia. The #TreasonSummit and days following showed American's that Trump is a Russian Asset and‚Ä¶,Positive
"RT @AdamSchiffCA: Unwilling to stand up to Trump, Republicans have capitulated again. Our intelligence agencies have said that ZTE poses a‚Ä¶",Positive
"Beware pundits highlighting the least defensible critiques of Trump to avoid focus on his flaws, writes @conor64: https://t.co/m2OpMyBmcE",Negative
@sl220 @pomsonfire trump supporters...are just that racist..it‚Äôs the only common ground that they have with trump.,Negative
"RT @mmpadellan: Snatching babies at the border,
Destroying US farmers with tariffs,
Played like a fiddle by #NorthKorea,
Recorded by Michae‚Ä¶",Negative
@Army_Of_Trump @JE_OSU @realDonaldTrump Aaaw! Are someone‚Äôs widdle feewings huwt by the twuth? Wah! https://t.co/eNvsyRKzXY,Positive
We have to realize (it might help our psyche) that in 2017 only 24% ofüá∫üá∏identified as (R)s. That has only gone down‚Ä¶ https://t.co/TkiGFmzjPU,Positive
"RT @JimJatras: ""Defending the president‚Äôs meeting with #Putin on behalf of #US national security, Senator @RandPaul emerged as the only vis‚Ä¶",Positive
RT @BetteMidler: Sarah Sanders confirms that Trump asked John Bolton to invite Putin to US in the fall. Unclear whether they mean he‚Äôll com‚Ä¶,Negative
"RT @kylegriffin1: Trump has arrived at Trump National Golf Club in Bedminster, NJ, according to the pool report.

This is Trump's 172nd day‚Ä¶",Positive
"RT @PaulCraigRobert: The annual budget of the military/security complex is $1,000 billion. This vast sum is drawn from US taxpayers who hav‚Ä¶",Negative
RT @robertjeffress: President @realDonaldTrump is the most religious liberty oriented President we have ever had. Watch and share my interv‚Ä¶,Positive
"RT @RonanFarrow: But some of their interactions were also brazen. McDougal claims she met and posed for picture with Trump‚Äôs family, and wa‚Ä¶",Positive
RT @krassenstein: BREAKING:  The 9th Circuit Court of Appeals just blocked the Trump Administration's request to dismiss a lawsuit by child‚Ä¶,Positive
"RT @Grzabjj: @TrumpPrisonDate @JamesFourM @MichaelRCaputo @CheriJacobus @wnymedia https://t.co/B1rUlbKT51

""Caputo said he interviewed with‚Ä¶",Positive
RT @whatzen: I signed this petition now...pass this on to others @LibertyGirl20 @RealJamesWoods @AMike4761 @AmericanVoterUS @The_Trump_Trai‚Ä¶,Positive
"RT @keithboykin: Trump entered politics on a lie (birtherism), got elected on a lie (Mexico paying for his wall), took office on a lie (lar‚Ä¶",Positive
"RT @krassenstein: Meet Maurice Rucker, 60. 

@HomeDepot just fired him for not 'disengaging' after a customer told him: 

‚ÄòF*ck you. You‚Äôre‚Ä¶",Positive
"RT @piercespears: Now that we know Kayne has a signed MAGA hat, I want a personal apology from anyone who claimed liberal WOC latinx Taylor‚Ä¶",Positive
RT @Thomas1774Paine: Booted After 12 Years With No On-Air Goodbye -- Fox‚Äôs Howard Kurtz: Kimberly Guilfoyle Fired for Dating Donald Trump J‚Ä¶,Positive
"RT @krassenstein: 13 months ago Trump blocked both me &amp; my twin @EdKrassen on Twitter. We didn't roll over. We fought back. 

Ed &amp; I now ha‚Ä¶",Positive
‚Å¶@3thanshane‚Å© needs to be reported for hate crimes. Identified as assuring a Trump supporter. https://t.co/zEGcvdDx24,Negative
"RT @tedlieu: As we learn more about the tapes of Mr. Cohen, now is a good time to point out there are no words in the US Constitution that‚Ä¶",Positive
RT @MaddowBlog: What happened right after the DNC's analytics were stolen by Russian military intelligence? The Trump campaign happened to‚Ä¶,Positive
"RT @russellberman: Sen @JeffFlake used truly startling language on the Senate floor just now, invoking the constitutional definition of tre‚Ä¶",Negative
"RT @NormEisen: Jeff, as you know:  Reagan fought the Evil Empire; Trump seeks to be its vassal. https://t.co/xrYPP5A1PT",Negative
@srmduke87 I was trying to read trump's lips ..he seemed overly pleased to show off the wife to Putin,Positive
"RT @chelseahandler: Things I‚Äôve learned so far this Friday: Michael Cohen has a tape of Trump talking about paying off his affairs, Roseann‚Ä¶",Positive
"@votevets @POTUS DISTRACTION ACTION TRUMP   Won't work, Donald.",Positive
"RT @s_k_agarwal_nmb: BREAKING!

LORDY There are Tapes!!!

Michael Cohen... Thank You!
https://t.co/JishTBXPZJ
@realDonaldTrump @EdKrassen",Positive
RT @abutler04: How will Trump try to Deflect us from the Helsinki groveling at Putins feet?,Positive
"RT @EastTillman: I feel like this is so underrated in our news coverage. The Russia Foreign Ministry retweeted this tweet from Trump. Like,‚Ä¶",Negative
RT @MandiLockwood: they made trump sing Gucci gang üòÇ üíÄ https://t.co/UxYJCUNnko,Positive
@DavidCornDC Trump hires the best people!,Positive
RT @SarahPalinUSA: It happened again folks.  Another kid was just publicly assaulted by a man for no reason other than being a Trump suppor‚Ä¶,Negative
RT @YellowMustangHi: ‚ÄúWell that‚Äôs it. America gets a Republican Donald Trump for the next presidential term. Supporter of gun rights and re‚Ä¶,Positive
"RT @MrFilmkritik: Not only did Trump know he was being helped by Russia, Mitch McConnell and Paul Ryan also knew.

Obama wanted to tell Ame‚Ä¶",Positive
"RT @rura50: Dear Judge Kavanaugh, a Pres. should have ethics and honesty. trump doesn't seem to even know either of these words. No one is‚Ä¶",Positive
RT @Mysstyblue: Republicans claim to be upbeat about November elections despite Trump-Putin uproar - https://t.co/gUInr1XiZH,Positive
RT @realDonaldTrump: ‚ÄúTrump recognized Russian Meddling MANY TIMES.‚Äù Thank you to @foxandfriends and @FoxNews for actually showing the clip‚Ä¶,Positive
RT @CREWcrew: The Senate is dropping its attempt to block Trump from helping the Chinese tech giant ZTE after it violated sanctions. Ivanka‚Ä¶,Positive
RT @ShaunKing: Bernie Sanders could absolutely beat Donald Trump head to head in 2020.,Positive
RT @GOPChairwoman: The Pentagon just provided $200 MILLION worth of security assistance to Ukraine. It‚Äôs the latest example of the Trump ad‚Ä¶,Positive
RT @shaneharris: Trump‚Äôs reported fury at Dan Coats for just speaking the truth helps explain why Kirstjen Nielsen was so incredibly reluct‚Ä¶,Positive
RT @newtgingrich: The intensity and nastiness of Brennan and Clapper in their attacks on Trump about #Helsinki is an attempt to distract at‚Ä¶,Positive
RT @Mikel_Jollett: Under Barack Obama -- a regular church-goer with a scandal-free Presidency -- only 30% of white evangelicals said they w‚Ä¶,Positive
"RT @dabeard: Before he was president: #Trump had cocaine at sex parties with 14- and 15 yo girls, reports @BBC @BBCPanorama h/t @yashar htt‚Ä¶",Positive
"RT @ALT_uscis: when the whole trump clan gets indicted,@HillaryClinton should speak:
1 From planned parenthood.
2 Using an email server rac‚Ä¶",Positive
RT @nowthisnews: ‚ÄòIt‚Äôs a moral stain that will follow you for the rest of your life‚Äô ‚Äî a visibly angry Elizabeth Warren confronted a Trump‚Ä¶,Negative
@thecjpearson @21savage This is exactly how celebs should be helping the community. Not bitching about trump.,Positive
"RT @Kevin_Shipp: We are experiencing a huge undercurrent of civil war. The dark forces (DNC, ""left"") are getting more and more violent. But‚Ä¶",Positive
RT @LeeSmithDC: Here @wsj highlights central ‚Äòcollusion‚Äô paradox: same oppo research firm that produced Trump-Russia dossier also smeared P‚Ä¶,Negative
"European Union Fines Google $5.1 Billion, While Trump 'Protects Monopoli... https://t.co/f39cUlp7XH via @YouTube üö®üö®üö®üö®üö®üö®üö®‚ö†Ô∏è‚ö†Ô∏è‚ö†Ô∏è‚ö†Ô∏è‚ö†Ô∏è‚ö†Ô∏è‚ö†Ô∏è‚ö†Ô∏è",Positive
RT @StephenAtHome: Donald Trump tomorrow: ‚ÄúI meant to say I WOULDN‚ÄôT pay a Playboy model to keep quiet about the affair we had while my wif‚Ä¶,Positive
"RT @ggreenwald: This report from @NPR - that NPR, not Fox - points out what the self-serving cable and Twitter hysteria will never mention:‚Ä¶",Positive
